Entrevistado;T1;T2;T3;T4;T5;T6;T69;T7;E11;E12;E13;E14;E15;E21;E22;E23;E24;E31;E32;E33;E34;E41;E42;E43;E44;E51;E52;E53;E54;E55;E61;E62;E63;E64;E65;E71;E72;E73;E74;E81;E82;E83;E91;E92;E93;H10;H11;H13;H14;H15;H16;H17;H18;H19;H20;H21;H22;H23;H24;H25;H26;H27;H28;H29;H30;H31;H32;H33;H34;H35;H36;H37;H38;H39;H40;H41;H42;H43;H44;H45;H46;H47;H48;H49;H50;H51;H52;H53;H54;H55;H56;H57;H58;H59;H60;H61;H62
1;1;7;3;1;2;1;1;1;1;1;0;0;0;1;0;0;1;0;0;1;1;1;0;0;0;1;1;0;0;0;1;0;0;0;0;1;0;0;0;1;1;0;0;1;0;0;1;1;1;1;1;0;1;1;1;1;1;1;1;0;1;1;0;1;1;1;1;1;1;1;1;1;1;1;0;1;0;1;1;1;1;1;1;1;0;0;1;1;0;1;1;0;1;1;0;1;0
2;1;3;3;1;2;2;2;0;0;0;1;0;1;1;0;1;0;0;0;1;0;1;0;0;0;1;0;0;0;0;1;1;0;1;0;1;1;0;0;0;1;0;0;1;0;1;0;1;1;1;0;1;1;1;1;1;1;1;1;1;1;1;1;1;1;1;1;1;1;1;1;1;1;1;1;1;1;1;1;1;1;1;1;1;0;0;1;1;0;0;1;1;1;0;1;1;1
3;1;2;1;0;3;3;1;1;0;0;0;0;1;0;1;0;0;0;0;0;1;0;0;0;1;0;0;0;0;0;0;0;0;1;0;0;0;0;1;0;1;0;0;1;0;0;1;1;1;1;1;0;1;1;1;1;1;1;1;0;1;1;1;1;1;1;1;1;1;1;1;1;1;1;0;1;1;1;1;0;1;0;1;0;0;1;1;1;0;0;1;1;1;1;1;1;1
4;1;3;1;1;2;2;1;1;0;1;0;0;0;1;0;0;0;0;0;1;0;1;0;0;0;1;0;0;0;0;0;0;0;1;0;1;0;0;0;0;0;1;0;1;0;0;1;0;1;1;1;0;1;1;1;1;1;1;1;1;1;1;1;1;1;1;1;1;1;1;1;1;1;0;1;1;1;1;1;1;1;1;1;0;0;0;1;1;1;1;1;0;1;0;1;1;1
5;1;7;1;1;1;1;2;0;1;1;1;1;1;1;0;0;0;1;1;1;1;1;0;0;0;1;0;0;0;0;0;0;0;1;1;0;1;0;0;0;1;0;1;0;0;1;1;1;1;1;1;0;1;1;1;1;1;1;1;1;1;1;1;1;1;1;1;1;1;1;1;1;1;1;1;1;1;1;1;1;1;1;1;1;1;1;1;1;1;1;1;1;1;1;1;1;1
6;0;8;4;0;3;3;2;0;0;0;1;0;1;0;0;1;0;0;0;0;1;0;0;0;1;1;0;0;0;0;0;0;0;1;0;0;1;0;0;0;1;0;0;0;1;1;0;0;0;0;0;1;1;1;0;1;1;1;1;1;1;1;1;1;1;0;0;1;1;0;0;1;0;1;1;1;1;1;1;1;1;1;1;1;0;1;0;0;0;0;0;1;1;1;1;1;0
7;1;1;2;1;1;1;2;0;0;0;0;0;1;1;0;0;0;1;0;0;0;0;1;0;0;0;0;1;0;0;0;0;0;1;0;1;0;0;0;0;1;0;1;0;0;0;1;1;1;1;1;0;1;0;1;0;0;1;1;0;1;1;1;1;1;0;0;1;1;0;1;0;1;0;1;1;0;0;1;0;1;0;1;0;1;1;1;1;0;0;1;1;0;0;1;1;1
8;1;5;3;1;1;2;1;1;0;0;1;0;0;1;0;0;0;1;0;0;0;1;0;0;0;0;0;0;0;1;0;1;0;0;0;0;0;0;1;0;1;0;0;1;0;0;0;1;1;1;1;0;1;1;1;1;1;1;1;1;1;1;1;1;1;1;1;1;1;1;1;1;1;1;1;1;1;1;1;1;1;1;1;1;1;1;1;1;1;1;1;1;1;1;1;1;1
9;1;3;2;0;3;3;2;0;0;0;0;0;1;1;0;0;0;0;0;0;1;0;1;0;0;0;0;1;0;0;0;1;0;0;0;0;0;0;1;1;0;0;0;1;0;0;1;1;1;1;1;0;1;1;1;1;1;1;1;1;1;1;1;1;1;1;1;1;1;1;1;1;1;1;0;1;1;1;1;1;1;1;1;0;0;1;1;1;1;1;1;0;1;1;1;1;1
10;1;3;1;1;1;1;1;1;0;0;1;0;0;1;0;0;0;0;0;1;0;1;0;0;0;1;0;0;0;0;1;0;0;0;0;1;0;0;0;0;1;0;0;0;1;1;0;1;1;1;1;0;1;1;1;1;1;1;1;0;1;1;1;1;1;1;1;1;1;1;1;1;1;1;1;1;1;1;1;1;1;1;1;1;1;1;1;1;1;1;1;1;1;1;1;1;1
11;1;3;1;0;3;3;1;1;0;0;1;0;0;1;0;0;0;0;0;1;0;1;0;0;0;1;0;0;0;0;1;0;0;0;0;1;0;0;0;0;1;0;0;0;1;1;0;1;1;1;1;1;1;1;1;1;1;1;1;0;1;1;1;1;1;1;1;1;1;1;1;1;1;1;1;1;1;1;1;1;1;1;1;1;1;1;1;1;1;1;1;1;1;1;1;1;1
12;1;3;1;1;1;1;2;0;0;0;1;0;0;1;0;0;0;0;0;1;0;1;0;0;0;1;0;0;0;0;0;0;0;1;0;1;0;0;0;0;1;0;1;0;0;1;0;0;1;1;1;1;1;1;1;1;1;1;1;1;1;0;0;1;1;1;1;1;1;1;1;1;1;1;1;0;1;1;1;0;1;1;0;0;0;0;1;1;0;0;1;1;0;1;1;1;1
13;1;3;2;1;2;2;1;1;0;0;1;0;0;0;0;1;0;0;0;1;0;1;0;0;0;1;0;0;0;0;0;0;0;1;0;1;0;0;0;0;1;0;0;1;0;0;0;1;1;1;1;0;1;1;1;1;1;1;1;1;1;1;1;1;1;1;1;1;1;1;1;1;1;1;1;1;1;1;1;1;1;1;1;1;0;0;1;1;1;1;1;1;1;1;1;1;1
14;0;8;4;0;3;3;1;1;0;0;1;1;1;1;0;0;0;0;0;0;1;0;0;0;1;0;1;1;0;0;0;0;0;1;0;0;0;1;0;1;0;0;0;0;0;1;0;0;1;1;1;1;1;1;1;1;1;1;1;0;0;1;1;1;1;1;1;1;1;1;1;1;1;1;1;1;1;1;1;1;1;1;1;1;1;1;1;1;1;1;1;1;1;1;1;1;1
15;1;3;2;1;1;1;2;0;0;0;0;1;0;1;0;0;0;0;0;1;0;1;0;0;0;0;1;0;0;0;0;1;0;0;0;1;0;0;0;0;1;0;0;0;0;1;1;1;1;1;1;1;1;1;1;1;1;1;1;0;1;0;0;1;1;1;1;1;1;1;0;1;1;1;1;1;1;1;1;1;1;1;1;1;0;0;1;1;0;1;0;0;1;1;1;1;1
16;1;3;1;1;1;1;1;1;0;0;1;0;0;1;0;0;0;0;0;1;0;1;0;0;0;0;1;0;0;0;0;0;1;0;0;0;0;1;0;0;1;0;1;0;0;0;0;1;1;1;1;0;1;1;1;1;1;1;1;1;1;1;0;1;1;1;1;1;1;1;1;1;1;1;1;1;1;1;1;1;1;1;1;1;0;0;1;1;1;1;0;1;1;1;1;1;1
17;1;3;1;1;1;1;2;0;0;0;1;0;0;1;0;0;0;0;1;0;0;1;0;0;0;1;0;0;1;1;1;1;1;0;0;1;0;0;1;1;0;0;0;1;1;0;1;1;1;1;1;0;1;1;1;1;1;1;1;1;1;1;1;1;1;1;1;1;1;1;1;1;1;1;1;1;1;1;1;1;1;1;1;1;1;1;1;1;1;1;1;1;1;1;1;1;1
18;0;8;4;0;3;3;1;1;0;0;1;0;1;0;0;1;0;0;1;0;0;0;1;0;0;0;0;0;0;1;0;0;0;0;1;0;1;0;0;0;1;0;0;1;0;0;0;1;1;1;0;0;1;1;1;1;1;1;1;1;1;1;1;1;1;1;1;1;1;1;1;1;1;1;1;1;1;1;1;1;1;1;1;1;0;0;1;1;1;1;1;1;1;1;1;1;1
19;1;1;3;0;3;3;1;1;1;1;1;0;1;1;0;0;1;0;0;0;1;0;1;0;0;1;0;0;0;1;1;1;0;0;1;1;1;0;1;1;1;0;1;0;0;0;0;1;1;1;1;0;1;1;1;1;1;1;1;0;1;1;1;1;1;1;1;1;1;1;1;1;1;1;1;1;1;1;1;1;1;1;1;1;1;1;1;1;1;1;1;1;1;1;1;1;1
20;1;3;2;1;1;1;1;1;1;1;1;0;0;1;0;1;0;1;0;1;1;1;1;0;0;1;1;0;0;1;1;1;0;1;0;1;1;0;0;1;1;0;1;0;1;1;0;1;1;1;1;1;1;1;1;1;1;1;1;0;1;1;0;1;1;1;1;1;1;1;1;1;1;1;1;1;1;1;1;1;1;1;1;0;0;0;1;1;1;1;1;1;1;1;1;1;1
21;1;3;1;0;3;3;2;0;1;1;0;0;0;1;0;1;0;0;1;1;0;1;0;1;0;1;1;0;1;0;0;1;1;1;0;0;0;1;1;0;1;1;1;1;0;0;1;0;1;1;1;0;1;1;1;1;1;1;1;0;1;1;1;1;1;1;1;1;1;1;1;1;1;1;1;1;1;1;1;1;1;1;1;1;1;1;1;1;1;1;1;1;1;1;1;1;1
22;1;3;2;1;2;2;2;0;1;0;0;0;0;1;0;0;0;0;0;1;0;0;1;0;0;1;0;0;0;0;0;0;0;1;0;1;0;0;0;0;1;0;1;0;0;0;0;1;1;1;1;0;1;1;1;1;1;1;1;1;1;1;1;1;1;1;1;1;1;1;1;1;1;1;1;1;1;1;1;0;1;1;0;0;1;1;0;0;0;0;1;0;0;0;1;1;1
23;1;3;3;1;2;2;1;1;0;0;1;0;1;1;0;0;0;0;0;1;0;0;1;0;0;0;0;0;0;1;0;0;0;1;0;1;0;0;0;1;0;0;1;0;0;0;0;0;1;1;1;1;1;1;1;1;1;0;1;1;0;1;0;0;0;0;0;1;1;1;1;1;1;0;1;1;0;1;1;1;1;1;1;1;0;0;1;1;1;1;1;1;1;0;1;1;1
24;1;3;1;0;3;3;2;0;1;0;0;0;0;0;1;0;0;0;0;1;0;0;0;0;1;0;0;0;0;1;0;0;0;1;0;0;0;1;0;0;1;0;0;1;0;1;1;0;1;1;1;0;1;1;1;1;1;1;1;1;1;1;1;1;1;1;1;1;0;1;0;1;1;1;1;1;1;1;1;1;1;1;1;1;1;1;1;1;1;1;1;1;1;1;1;1;1
25;1;3;1;0;3;3;2;0;0;0;1;0;1;1;0;0;0;1;0;0;1;1;0;0;1;1;0;0;0;0;0;1;0;1;0;0;0;1;1;0;1;0;0;0;1;1;0;1;1;0;1;1;1;1;1;1;1;1;1;0;1;1;1;0;1;1;1;1;1;0;1;1;1;1;1;1;1;1;1;1;1;1;1;0;0;0;0;0;1;1;1;1;0;1;1;1;1
26;1;1;3;1;1;1;2;0;1;0;1;1;1;1;1;1;0;1;0;1;1;1;0;0;1;1;1;0;0;1;1;1;1;0;1;0;1;1;1;0;1;0;1;1;0;0;1;1;1;0;0;0;1;1;1;1;1;1;0;1;1;1;1;0;1;0;1;0;0;0;0;1;1;0;1;0;0;1;1;0;0;0;1;0;0;1;1;1;1;1;1;1;1;0;1;1;1
27;0;8;4;0;3;3;2;0;1;0;1;1;1;1;0;1;0;0;0;0;1;1;0;0;0;0;1;1;0;0;1;0;0;1;1;0;1;0;1;0;1;0;1;1;0;1;0;1;1;0;1;1;1;1;1;1;1;1;1;1;1;1;1;0;1;0;1;1;1;0;1;0;0;1;1;1;1;1;1;0;0;0;0;0;0;0;0;0;1;1;1;1;0;0;1;1;1
28;1;3;2;1;1;2;2;0;1;0;1;1;1;1;1;1;0;0;0;1;1;1;0;0;1;1;1;0;0;0;1;1;0;0;1;0;1;0;1;0;1;0;1;1;0;0;1;1;1;0;0;0;1;1;1;1;1;1;1;1;1;1;0;1;1;1;1;1;1;0;1;0;0;1;1;1;1;1;1;0;1;0;0;0;0;1;1;1;1;1;1;1;1;0;1;1;1
29;0;8;4;0;3;3;1;1;1;0;1;0;1;1;1;1;0;1;0;0;1;1;0;0;1;0;1;1;0;1;1;1;0;0;1;1;1;0;0;0;1;0;1;1;0;1;0;1;1;0;0;1;1;0;1;1;1;0;1;1;1;1;0;1;1;1;1;0;1;0;1;0;0;1;1;1;0;1;0;0;0;0;0;0;0;0;0;0;0;1;1;1;0;0;1;1;1
30;1;3;1;1;1;2;2;0;0;0;1;0;0;0;0;1;0;0;1;0;0;0;0;0;1;0;1;0;0;0;0;0;0;1;0;0;0;0;1;0;1;0;0;1;0;1;0;0;1;1;0;1;1;1;1;1;0;0;0;0;0;1;0;0;1;0;0;1;0;0;1;1;1;1;0;0;0;0;0;1;1;1;1;1;1;1;1;1;0;0;1;0;1;0;0;1;1
31;1;3;1;1;2;2;1;1;0;0;1;0;0;1;0;0;0;0;1;0;0;0;1;0;0;0;1;0;0;0;0;0;0;1;0;0;1;0;0;0;1;0;1;0;0;0;1;1;1;1;1;1;1;1;1;1;1;1;1;1;1;1;0;1;1;1;1;1;1;1;1;1;1;1;0;1;1;1;1;1;1;1;1;1;1;1;0;1;1;1;1;1;1;1;1;1;1
32;1;3;3;1;1;1;1;1;0;0;1;0;0;0;0;1;0;1;0;0;0;0;0;0;1;0;0;1;0;0;0;1;0;0;0;1;0;0;0;0;1;0;0;1;0;1;0;0;1;0;1;1;0;1;1;1;1;1;1;0;0;0;0;0;1;1;1;1;1;1;1;0;1;1;1;1;1;1;1;1;1;1;1;1;1;1;1;1;0;1;1;1;1;1;1;1;1
33;1;3;1;0;3;3;2;0;0;0;1;0;1;1;0;0;1;1;1;0;0;0;1;0;1;1;0;1;0;0;0;1;0;1;0;0;1;1;0;0;1;0;0;1;0;0;0;1;1;1;1;0;1;1;1;1;1;0;1;1;1;1;1;1;1;0;1;1;0;0;1;1;0;0;1;0;1;0;1;1;0;0;0;0;1;1;1;1;0;1;1;1;0;1;1;1;1
34;1;3;3;1;1;1;1;1;1;0;1;0;1;1;0;1;0;0;1;1;0;1;1;0;0;0;1;0;0;1;0;0;1;1;0;0;0;1;1;0;1;0;0;1;0;0;1;1;1;1;1;0;1;1;1;1;1;1;1;1;1;1;1;1;1;1;1;1;1;1;1;1;1;1;1;1;1;1;1;1;1;1;1;1;1;1;1;1;1;1;1;1;1;1;1;1;1
35;1;3;1;1;1;2;1;1;0;0;0;1;0;1;0;0;0;0;1;0;0;1;0;0;0;1;0;0;0;0;0;0;0;1;0;0;0;0;1;0;1;0;1;0;0;1;1;0;1;1;1;0;1;1;1;1;1;1;1;0;1;1;1;0;1;1;1;1;1;1;1;1;1;1;1;1;0;1;1;1;1;1;1;0;1;1;1;1;1;1;1;1;1;1;1;1;1
36;0;8;4;0;3;3;2;0;0;0;0;0;1;0;0;1;0;1;0;0;0;0;0;0;1;0;0;0;0;1;0;0;0;1;0;0;0;0;1;1;0;0;1;0;0;1;0;1;1;1;1;1;1;1;1;1;1;1;1;1;1;1;1;1;1;1;1;1;1;1;1;1;1;1;1;1;1;1;1;1;1;1;1;1;1;1;1;0;0;1;0;1;1;1;1;1;1
37;1;3;3;0;3;3;1;1;1;1;1;1;1;1;0;1;0;0;0;0;1;1;0;0;0;1;1;1;0;1;1;0;0;0;1;1;1;0;0;0;0;1;0;0;1;1;1;1;1;1;1;0;1;1;1;1;1;1;1;1;1;1;1;1;1;1;1;1;1;0;1;1;1;1;1;1;1;1;1;0;1;1;1;0;1;1;1;0;1;1;1;1;1;1;1;1;1
38;1;3;2;0;3;3;1;1;0;0;1;0;0;1;0;0;0;0;1;0;0;0;1;0;0;1;0;0;0;0;0;0;0;1;0;0;1;0;0;0;1;0;0;1;0;1;0;0;1;1;1;1;1;1;1;1;1;1;1;1;1;1;0;1;1;1;1;1;1;1;1;1;1;1;1;1;1;1;1;1;1;1;0;0;1;1;1;1;1;1;1;1;1;0;0;1;1
39;1;3;1;1;1;1;2;0;0;0;1;0;1;1;0;1;0;1;1;0;0;1;1;0;0;0;1;0;1;1;1;0;1;0;1;1;1;0;0;1;1;0;1;1;0;1;0;1;1;1;0;1;1;1;1;1;1;1;1;1;1;1;1;1;1;1;1;1;1;1;1;1;1;1;1;1;1;1;1;1;1;1;1;1;1;1;1;1;1;1;1;1;1;1;1;1;1
40;1;3;2;0;3;3;1;1;0;0;1;0;0;1;0;0;0;1;0;1;0;1;0;0;0;1;0;0;0;0;0;0;0;1;0;1;0;0;0;0;1;0;1;0;0;0;1;1;1;1;1;0;1;1;1;1;1;1;1;0;1;1;1;1;1;1;1;1;1;1;1;1;1;1;1;1;1;1;1;1;1;1;1;1;1;1;1;1;1;1;1;1;1;1;1;1;1
41;1;3;2;0;3;3;1;1;0;0;1;1;0;1;0;0;0;1;0;0;0;1;0;0;1;1;0;1;0;1;1;1;0;1;0;1;1;0;0;1;1;1;1;0;1;0;1;1;1;1;1;0;1;1;1;1;1;1;1;0;1;1;1;1;1;1;1;1;1;1;1;1;1;1;1;1;1;1;1;1;1;1;1;1;1;1;1;1;1;1;1;1;1;1;1;1;1
42;1;3;2;1;1;2;2;0;0;0;1;0;0;1;0;0;0;1;0;0;0;1;0;0;0;1;0;0;0;0;0;1;0;0;0;0;0;0;1;0;1;0;0;0;1;0;1;0;1;1;1;0;1;1;1;1;1;1;1;0;1;1;1;1;1;1;1;1;1;1;1;1;1;1;1;1;1;1;1;1;1;1;1;1;0;0;1;1;0;0;0;0;1;1;1;1;1
43;1;3;3;1;1;1;1;1;0;0;0;0;1;1;1;0;0;1;0;1;0;0;1;0;1;1;1;0;0;0;0;0;0;1;0;1;0;0;0;1;0;0;1;0;0;1;1;1;1;0;0;1;1;1;1;1;1;1;1;0;1;1;1;1;1;1;1;1;1;0;0;1;1;1;1;1;1;1;1;1;0;0;0;0;1;1;0;0;1;1;1;1;1;1;1;1;1
44;1;6;1;1;2;1;1;1;0;0;1;1;1;1;0;0;0;0;1;1;0;1;0;0;1;0;0;1;0;1;0;1;0;1;1;0;1;1;0;0;0;1;0;1;1;0;1;1;1;1;1;0;1;1;1;1;1;1;1;1;0;1;1;1;1;1;1;1;1;1;1;0;1;1;1;1;1;1;1;0;0;0;0;0;1;1;0;0;1;1;1;1;1;1;1;1;1
45;0;8;4;0;3;3;1;1;0;0;1;0;0;1;0;0;0;0;0;1;0;1;0;0;0;0;0;1;0;0;0;0;0;1;0;0;0;0;1;0;1;0;1;0;0;1;1;1;1;1;1;0;1;1;1;1;1;1;1;0;1;1;1;1;1;1;1;1;1;1;1;1;1;1;1;1;1;1;1;0;0;1;1;0;1;1;1;1;1;1;1;1;0;1;1;1;1
46;0;8;4;0;3;3;2;0;0;0;0;0;1;1;0;0;0;0;0;0;1;0;0;1;0;1;0;0;0;0;1;0;0;0;0;0;0;0;1;0;1;0;0;1;0;1;0;1;1;1;1;0;1;1;1;1;1;1;1;1;1;1;1;1;1;1;1;1;1;0;1;0;1;1;1;1;1;1;1;1;1;0;0;0;1;1;0;0;1;1;1;1;1;1;1;1;1
47;1;3;1;1;1;1;1;1;0;1;1;1;0;1;0;1;0;1;0;1;0;1;0;1;0;1;0;0;0;0;1;1;0;0;0;1;1;0;1;0;1;0;0;0;1;1;0;0;1;0;0;1;1;1;1;1;1;1;1;0;1;1;1;1;1;1;1;1;1;0;0;0;1;1;1;1;1;1;1;0;0;1;1;0;0;0;0;0;1;1;1;1;1;1;1;1;1
48;1;3;2;1;1;2;2;0;0;1;0;0;1;1;0;0;0;0;1;0;0;1;0;0;0;0;0;1;0;0;0;1;0;0;0;0;0;0;1;0;1;0;0;1;0;0;0;1;1;1;1;0;1;1;1;1;0;1;1;1;1;1;1;1;1;1;1;1;1;1;1;0;1;1;1;1;1;1;1;1;1;1;0;0;0;1;1;1;0;0;0;1;1;0;1;1;0
49;1;3;1;1;1;1;1;1;0;1;1;1;0;1;0;1;0;1;0;1;0;1;0;1;0;1;0;0;0;0;1;1;0;0;0;1;1;0;1;0;1;0;0;0;1;1;0;0;1;0;0;1;1;1;1;1;1;1;1;0;1;1;1;1;1;1;1;1;1;0;0;0;1;1;1;1;1;1;1;0;0;1;1;0;0;0;0;0;1;1;1;1;1;1;1;1;1
50;1;2;1;1;1;2;2;0;0;0;1;0;0;0;0;0;0;0;0;1;0;1;0;0;0;1;0;0;0;0;0;0;0;1;0;0;1;0;0;0;1;0;0;0;0;1;1;1;1;0;1;1;1;1;1;1;1;1;1;0;1;1;1;1;1;1;1;1;1;1;0;0;1;1;1;1;1;1;0;0;0;1;0;0;0;0;0;0;0;0;0;0;1;0;1;1;1
51;1;3;1;1;1;1;1;1;0;0;1;0;0;0;0;1;0;1;0;1;0;1;1;0;0;1;0;1;0;1;1;1;0;1;0;0;0;1;0;1;0;0;1;0;0;0;0;1;1;1;1;0;1;1;1;1;1;1;1;1;1;1;1;1;1;1;1;1;1;1;1;1;1;1;1;1;1;1;1;1;1;1;1;1;1;1;0;0;1;1;1;1;1;0;1;1;1
52;1;3;3;1;1;1;1;1;0;0;0;0;1;1;0;0;0;0;0;0;1;0;0;0;0;1;0;0;0;0;0;0;0;0;1;0;0;0;1;0;1;0;0;1;0;0;0;1;1;1;1;0;1;1;1;1;1;1;1;1;1;1;0;1;1;1;1;0;1;1;1;1;1;1;1;1;1;1;1;1;1;1;0;1;1;1;1;0;0;1;0;1;1;1;1;1;1
53;1;3;1;1;1;1;2;0;0;0;0;0;1;1;0;0;0;0;0;0;1;0;0;0;1;1;0;0;0;0;0;0;0;1;0;1;0;0;0;0;1;0;1;0;0;1;1;1;1;1;1;1;1;1;1;1;1;1;1;0;1;1;0;1;1;1;1;1;1;1;1;1;1;1;1;1;1;1;1;1;1;1;1;0;1;1;1;1;1;1;0;1;1;1;1;1;1
54;1;3;1;1;1;1;2;0;0;0;1;0;1;1;0;1;0;0;1;0;0;1;0;0;0;1;1;0;0;0;0;1;1;0;0;1;0;0;0;0;1;0;1;0;0;1;0;0;1;1;1;1;1;1;1;1;1;1;1;0;0;1;1;0;1;1;1;0;0;0;1;0;0;1;0;1;1;1;1;0;0;0;0;0;0;1;0;0;1;1;1;1;0;1;1;1;1
55;0;8;4;0;3;3;2;0;1;1;0;0;0;1;0;1;0;0;1;1;0;1;0;1;0;1;0;0;0;0;1;0;1;0;0;0;1;0;1;1;1;0;1;0;1;0;1;1;1;1;1;1;1;1;1;1;1;1;1;1;1;1;1;1;1;1;1;1;1;1;1;1;1;1;1;1;1;1;1;1;1;1;1;1;1;1;1;1;1;1;1;1;1;1;1;1;1
56;1;3;1;1;1;1;2;0;0;0;1;0;0;0;0;1;0;0;0;1;0;0;0;0;1;0;0;1;0;0;0;0;0;1;0;1;0;0;0;0;1;0;0;1;0;0;1;1;1;1;1;0;1;1;1;1;1;1;1;1;1;1;0;1;1;1;1;1;1;1;1;0;1;1;1;1;1;1;1;1;1;1;1;1;1;1;1;1;1;1;1;1;1;1;1;1;1
57;1;1;3;1;1;1;1;1;1;0;0;0;0;1;0;0;0;1;0;0;0;1;0;0;0;0;1;0;0;0;1;0;0;0;0;0;0;0;1;1;0;0;0;1;0;1;0;1;1;1;1;1;1;1;1;1;1;1;1;0;1;1;1;1;1;1;1;1;1;1;1;1;1;1;1;1;1;1;1;1;1;1;1;0;0;0;1;0;1;0;1;1;1;1;1;1;1
58;1;5;1;1;2;2;1;1;1;1;1;0;1;0;1;1;0;1;1;0;1;1;0;0;1;0;1;1;0;0;1;1;1;0;0;1;1;0;1;1;1;0;0;1;0;1;1;1;1;1;0;1;1;1;1;1;1;1;1;1;1;1;1;1;1;1;1;1;1;1;1;0;1;1;1;1;1;1;1;1;1;1;1;1;1;1;0;0;1;1;1;1;0;1;1;1;1
59;1;6;3;1;2;2;2;0;1;1;1;1;1;1;1;1;1;1;1;0;1;1;0;0;1;1;1;1;1;0;1;1;1;1;1;1;1;1;1;0;1;0;1;1;1;0;0;1;1;0;0;0;1;1;1;1;1;1;1;1;1;1;1;1;1;1;1;1;1;1;0;0;0;1;1;1;1;1;1;0;0;0;0;0;1;0;0;0;1;1;1;1;1;1;1;1;1
60;1;1;3;0;3;3;2;0;0;0;1;0;0;1;0;0;0;0;1;0;0;1;0;0;0;0;0;0;1;0;1;0;0;0;0;1;0;0;0;0;1;0;0;1;0;0;1;1;1;1;1;0;1;1;1;1;1;1;1;1;1;1;0;1;1;1;1;1;1;1;1;1;0;0;1;1;1;1;1;1;0;1;1;0;0;1;1;1;1;0;1;1;1;1;1;1;1
61;1;1;2;0;3;3;2;0;0;0;1;0;0;1;0;0;0;0;0;1;0;0;1;0;0;0;0;0;1;0;0;0;1;0;0;0;1;0;0;1;0;0;1;0;0;0;0;1;1;1;1;1;1;1;1;1;1;1;1;0;1;0;1;1;1;1;1;1;1;1;1;1;1;1;1;1;1;1;1;1;1;1;0;0;0;0;0;0;1;1;1;1;0;0;1;1;1
62;0;8;4;0;3;3;1;1;0;0;0;1;0;1;0;1;0;1;0;0;1;1;0;0;0;1;0;0;0;1;1;0;0;1;0;1;0;0;0;0;1;0;0;1;0;0;0;1;1;1;1;1;1;1;1;1;1;1;1;0;1;1;1;1;1;1;1;1;1;1;1;1;1;1;1;1;1;1;1;1;1;1;1;0;0;0;0;0;1;1;1;1;1;0;1;1;1
63;1;2;3;1;1;2;2;0;0;0;0;0;1;0;0;1;0;1;0;0;0;1;0;0;0;1;0;0;0;0;0;0;0;1;0;0;1;0;0;0;1;0;1;0;0;0;0;1;1;1;1;0;1;1;1;1;1;1;1;1;1;1;1;1;1;1;1;1;1;1;1;1;1;1;0;1;0;1;1;1;0;1;1;1;0;1;1;1;1;0;1;0;0;0;1;1;1
64;1;3;1;1;1;2;2;0;1;0;0;0;0;0;1;0;0;0;1;0;0;1;0;0;0;1;0;0;0;0;0;0;0;1;0;1;0;0;0;0;1;0;0;1;0;0;1;1;1;1;1;1;1;1;1;1;1;1;1;1;1;1;1;1;0;1;1;1;1;1;1;0;1;1;0;0;0;0;0;1;0;0;1;1;1;1;1;1;1;1;1;1;0;0;1;1;1
65;1;1;3;1;1;2;2;0;1;0;0;0;0;1;0;0;0;1;0;0;0;1;0;0;0;1;0;0;0;0;0;0;0;1;0;0;1;0;0;0;1;0;1;0;0;0;1;1;1;1;1;0;1;1;1;1;1;1;1;0;1;1;1;0;1;1;1;1;1;1;1;0;1;1;1;1;1;1;1;1;0;1;1;0;1;1;1;1;0;1;1;1;1;1;1;1;1
66;1;3;1;0;3;3;2;0;0;0;0;0;1;0;0;1;0;1;0;0;0;1;0;0;0;1;0;0;0;0;0;0;0;0;1;1;0;0;0;0;1;0;0;1;0;1;1;1;1;1;1;1;1;1;1;1;1;1;1;1;1;1;1;1;1;1;1;1;1;0;1;0;0;0;1;1;1;1;1;1;0;0;0;0;0;1;0;1;1;1;1;1;0;0;1;1;1
67;1;3;3;1;1;1;1;1;0;0;0;1;0;1;0;0;0;1;0;0;0;1;0;0;0;1;0;0;0;0;0;0;0;1;0;1;0;0;0;0;1;0;1;0;0;1;1;1;1;1;1;1;1;1;1;1;1;1;1;0;0;1;1;1;1;1;1;1;1;0;1;1;1;1;1;1;1;1;1;0;0;1;1;0;0;1;1;0;1;1;1;1;1;1;1;1;1
68;1;1;3;1;1;1;2;0;0;0;0;0;1;0;0;1;0;0;0;1;0;0;0;1;0;0;0;0;1;0;0;0;0;1;0;0;1;0;0;0;1;0;0;1;0;0;0;1;1;1;1;1;1;1;1;1;1;0;1;0;1;1;1;1;1;1;1;0;1;1;1;0;1;1;1;1;1;1;1;0;0;1;1;0;1;1;1;0;1;1;1;1;1;1;1;1;1
69;0;8;4;0;3;3;1;1;1;1;0;0;0;1;0;1;0;0;0;1;0;0;1;0;0;0;0;0;1;1;0;0;1;1;0;1;0;0;1;0;1;1;0;1;0;0;1;1;1;1;1;0;1;1;1;1;1;1;1;1;1;1;1;1;1;1;1;1;1;1;1;1;1;1;1;1;1;1;1;1;1;1;1;1;1;1;1;1;1;1;1;1;1;1;1;1;1
70;1;3;1;0;3;3;2;0;0;0;1;0;0;1;0;0;0;0;0;0;1;1;0;0;0;1;1;0;0;0;1;1;0;1;0;1;1;0;0;0;1;0;0;1;0;0;0;1;1;1;1;1;1;1;1;1;1;1;1;0;1;1;1;1;1;1;1;1;0;0;1;1;1;1;1;1;1;1;1;1;1;1;1;1;1;1;1;1;1;1;0;0;1;0;0;1;0
71;1;3;2;1;1;1;2;0;0;0;1;0;1;1;0;1;0;1;1;1;1;1;0;1;1;1;1;0;0;0;0;1;0;1;0;1;1;0;0;1;1;0;1;0;0;1;0;1;1;1;1;1;1;1;1;1;1;1;1;1;1;1;0;1;1;1;1;1;1;1;1;0;1;1;0;1;1;1;1;0;1;1;0;0;1;1;1;0;1;1;1;1;0;0;1;1;1
72;1;5;2;1;2;2;1;1;1;0;1;0;1;0;1;1;0;1;1;1;1;1;1;0;1;0;1;1;0;0;1;1;1;0;0;1;1;0;1;1;1;0;0;1;0;1;1;1;1;1;0;1;1;1;1;1;1;1;1;1;1;1;1;1;1;1;1;1;1;1;1;0;1;1;1;1;1;1;1;1;1;1;1;1;1;1;0;0;1;1;1;1;0;1;1;1;1
73;1;6;3;1;1;1;1;1;1;0;1;0;1;1;0;1;1;0;0;1;1;1;1;0;0;1;1;0;1;1;1;1;0;1;0;1;1;0;0;0;1;1;1;1;0;0;1;1;1;1;1;0;1;1;1;1;1;1;1;1;1;1;1;1;1;1;1;1;1;1;1;1;1;1;1;1;1;1;1;1;1;1;1;1;1;0;1;1;1;1;1;1;1;1;1;1;1
74;1;3;3;0;3;3;2;0;1;0;1;0;0;1;0;1;0;0;0;1;0;1;0;1;0;1;0;0;1;0;0;1;1;0;0;0;0;1;1;0;0;1;1;0;0;1;0;1;1;1;1;1;1;1;1;1;1;1;1;0;1;1;1;1;1;1;1;0;1;1;1;0;1;1;0;1;1;1;1;1;0;0;1;0;1;0;0;0;1;1;1;1;1;0;1;1;1
75;1;3;3;1;1;2;1;1;0;0;1;1;0;1;0;0;0;0;0;0;1;1;0;0;0;1;0;0;0;0;0;0;0;1;0;0;1;0;0;0;1;0;0;1;0;1;0;1;1;1;1;1;1;1;1;1;1;1;1;1;1;1;1;1;1;1;1;1;1;1;1;1;1;1;1;1;1;1;1;1;1;1;1;1;1;1;1;1;1;1;1;1;1;1;1;1;1
76;1;3;3;1;1;2;1;1;0;0;1;1;1;1;0;0;0;0;0;0;1;1;0;0;0;1;0;0;0;0;0;0;0;1;0;0;1;0;0;0;1;0;0;1;0;1;0;1;1;1;1;0;1;1;1;1;1;1;1;1;1;1;1;0;1;0;1;1;1;1;1;1;1;1;1;1;1;1;1;1;1;1;1;1;1;1;1;1;1;1;1;1;1;1;1;1;1
77;1;2;3;1;1;1;1;1;0;1;0;0;0;1;0;0;0;1;0;0;0;1;0;0;0;0;0;0;1;0;0;0;0;0;1;0;1;0;0;0;1;0;1;0;0;0;1;1;1;1;1;0;1;1;1;1;1;1;1;1;1;1;1;1;1;1;1;1;1;1;1;0;1;1;1;1;1;1;1;0;1;1;1;0;1;1;1;1;1;1;1;1;1;1;1;1;1
78;1;2;3;1;1;1;1;1;1;0;0;0;0;1;0;0;0;1;0;0;0;1;0;0;0;0;0;0;1;0;0;0;0;0;1;0;1;0;0;0;1;0;1;0;0;0;1;1;1;1;1;0;1;1;1;1;1;1;1;1;1;1;1;1;1;1;1;1;1;1;1;1;0;1;1;1;1;1;1;0;1;1;1;0;1;1;0;1;1;1;1;1;1;1;1;1;1
79;1;1;3;1;1;1;3;0;1;0;0;0;0;0;0;0;0;0;0;0;0;0;0;0;1;1;0;0;0;0;0;0;0;1;0;0;1;0;0;0;0;0;0;0;0;0;1;0;1;1;1;0;0;0;0;0;0;0;0;0;0;0;0;1;0;0;0;1;1;1;0;0;1;1;0;0;0;0;1;0;1;0;0;0;1;1;0;0;0;0;1;0;0;0;0;1;0
80;1;1;3;1;1;1;2;0;0;0;1;0;0;1;0;0;0;0;1;0;0;1;0;0;0;0;0;0;1;0;1;0;0;0;0;1;0;0;0;0;1;0;0;1;0;0;1;1;1;1;1;0;0;0;1;1;1;1;1;1;1;1;1;1;1;1;1;1;1;1;1;1;1;0;1;1;1;1;1;1;0;1;1;1;0;1;1;1;1;0;1;1;1;1;1;1;1
